note,note_str,instrument,instrument_str,pitch,velocity,sample_rate,qualities,qualities_str,instrument_family,instrument_family_str,instrument_source,instrument_source_str
"159,151",guitar_acoustic_010-074-100,219,guitar_acoustic_010,74,100,"16,000","[ 0, 0, 0, 0, 0, 0, 0, 0, 0, 0 ]",[],3,guitar,0,acoustic
"165,690",organ_electronic_113-048-075,958,organ_electronic_113,48,75,"16,000","[ 0, 1, 0, 0, 0, 0, 0, 0, 0, 0 ]","[ ""dark"" ]",6,organ,1,electronic
"212,904",bass_synthetic_098-106-100,803,bass_synthetic_098,106,100,"16,000","[ 0, 0, 0, 0, 0, 0, 0, 0, 0, 0 ]",[],0,bass,2,synthetic
"149,013",bass_synthetic_033-100-100,417,bass_synthetic_033,100,100,"16,000","[ 0, 0, 0, 0, 0, 0, 0, 0, 0, 0 ]",[],0,bass,2,synthetic
"230,398",keyboard_synthetic_000-095-127,577,keyboard_synthetic_000,95,127,"16,000","[ 1, 0, 1, 1, 0, 0, 1, 1, 0, 0 ]","[ ""bright"", ""distortion"", ""fast_decay"", ""nonlinear_env"", ""percussive"" ]",4,keyboard,2,synthetic
"225,070",bass_synthetic_068-056-075,656,bass_synthetic_068,56,75,"16,000","[ 0, 1, 0, 0, 0, 0, 0, 0, 0, 0 ]","[ ""dark"" ]",0,bass,2,synthetic
"259,543",organ_electronic_057-061-100,701,organ_electronic_057,61,100,"16,000","[ 0, 1, 0, 0, 0, 0, 0, 0, 0, 0 ]","[ ""dark"" ]",6,organ,1,electronic
"45,858",reed_acoustic_011-076-100,104,reed_acoustic_011,76,100,"16,000","[ 0, 0, 0, 0, 0, 0, 0, 0, 0, 0 ]",[],7,reed,0,acoustic
"194,991",bass_electronic_025-048-075,872,bass_electronic_025,48,75,"16,000","[ 0, 0, 0, 0, 0, 0, 0, 0, 0, 0 ]",[],0,bass,1,electronic
"119,717",guitar_acoustic_015-038-075,316,guitar_acoustic_015,38,75,"16,000","[ 0, 0, 0, 0, 0, 0, 0, 0, 1, 0 ]","[ ""reverb"" ]",3,guitar,0,acoustic
"41,569",bass_electronic_025-058-075,872,bass_electronic_025,58,75,"16,000","[ 0, 0, 0, 0, 0, 0, 0, 0, 0, 0 ]",[],0,bass,1,electronic
"86,797",guitar_electronic_028-091-127,510,guitar_electronic_028,91,127,"16,000","[ 0, 0, 0, 0, 0, 0, 0, 0, 0, 0 ]",[],3,guitar,1,electronic
"116,664",string_acoustic_057-084-127,450,string_acoustic_057,84,127,"16,000","[ 1, 0, 0, 0, 0, 0, 1, 0, 1, 0 ]","[ ""bright"", ""nonlinear_env"", ""reverb"" ]",8,string,0,acoustic
"282,007",keyboard_electronic_098-107-050,905,keyboard_electronic_098,107,50,"16,000","[ 1, 0, 0, 1, 0, 0, 0, 1, 0, 0 ]","[ ""bright"", ""fast_decay"", ""percussive"" ]",4,keyboard,1,electronic
"136,261",guitar_acoustic_014-037-075,263,guitar_acoustic_014,37,75,"16,000","[ 0, 0, 0, 0, 0, 0, 0, 0, 0, 0 ]",[],3,guitar,0,acoustic
"132,501",bass_synthetic_033-029-127,417,bass_synthetic_033,29,127,"16,000","[ 0, 0, 1, 0, 0, 0, 0, 0, 0, 0 ]","[ ""distortion"" ]",0,bass,2,synthetic
"286,347",keyboard_electronic_002-067-075,50,keyboard_electronic_002,67,75,"16,000","[ 0, 0, 0, 0, 0, 0, 0, 0, 0, 0 ]",[],4,keyboard,1,electronic
"283,464",keyboard_synthetic_000-025-050,577,keyboard_synthetic_000,25,50,"16,000","[ 0, 0, 1, 1, 0, 0, 1, 0, 0, 0 ]","[ ""distortion"", ""fast_decay"", ""nonlinear_env"" ]",4,keyboard,2,synthetic
"248,559",bass_electronic_018-062-025,759,bass_electronic_018,62,25,"16,000","[ 0, 0, 0, 1, 0, 0, 0, 0, 0, 0 ]","[ ""fast_decay"" ]",0,bass,1,electronic
"151,582",guitar_acoustic_021-069-025,457,guitar_acoustic_021,69,25,"16,000","[ 0, 0, 0, 0, 0, 0, 0, 0, 0, 0 ]",[],3,guitar,0,acoustic
"236,967",organ_electronic_104-049-127,921,organ_electronic_104,49,127,"16,000","[ 0, 0, 0, 0, 0, 0, 0, 0, 0, 0 ]",[],6,organ,1,electronic
"25,731",mallet_acoustic_056-087-100,590,mallet_acoustic_056,87,100,"16,000","[ 0, 0, 0, 0, 0, 0, 0, 0, 0, 0 ]",[],5,mallet,0,acoustic
"129,578",flute_synthetic_000-049-025,82,flute_synthetic_000,49,25,"16,000","[ 0, 0, 1, 0, 0, 0, 0, 0, 0, 0 ]","[ ""distortion"" ]",2,flute,2,synthetic
"80,655",brass_acoustic_015-063-075,121,brass_acoustic_015,63,75,"16,000","[ 0, 0, 0, 0, 0, 0, 0, 0, 1, 0 ]","[ ""reverb"" ]",1,brass,0,acoustic
"219,816",bass_synthetic_135-035-025,927,bass_synthetic_135,35,25,"16,000","[ 0, 0, 1, 0, 0, 0, 0, 0, 0, 0 ]","[ ""distortion"" ]",0,bass,2,synthetic
"98,473",string_acoustic_012-038-127,97,string_acoustic_012,38,127,"16,000","[ 0, 0, 0, 0, 1, 0, 0, 0, 1, 0 ]","[ ""long_release"", ""reverb"" ]",8,string,0,acoustic
"216,844",keyboard_electronic_098-037-100,905,keyboard_electronic_098,37,100,"16,000","[ 0, 1, 1, 0, 0, 0, 0, 0, 0, 0 ]","[ ""dark"", ""distortion"" ]",4,keyboard,1,electronic
"157,918",mallet_acoustic_047-095-050,488,mallet_acoustic_047,95,50,"16,000","[ 0, 0, 0, 1, 0, 0, 0, 1, 1, 0 ]","[ ""fast_decay"", ""percussive"", ""reverb"" ]",5,mallet,0,acoustic
"51,677",string_acoustic_080-033-127,675,string_acoustic_080,33,127,"16,000","[ 0, 0, 0, 0, 0, 0, 0, 0, 1, 0 ]","[ ""reverb"" ]",8,string,0,acoustic
"221,169",guitar_electronic_022-054-100,378,guitar_electronic_022,54,100,"16,000","[ 0, 1, 0, 0, 0, 0, 0, 0, 0, 0 ]","[ ""dark"" ]",3,guitar,1,electronic
"229,977",bass_synthetic_134-061-075,914,bass_synthetic_134,61,75,"16,000","[ 0, 1, 0, 0, 0, 0, 0, 0, 1, 0 ]","[ ""dark"", ""reverb"" ]",0,bass,2,synthetic
"235,872",keyboard_electronic_003-057-100,65,keyboard_electronic_003,57,100,"16,000","[ 0, 0, 0, 0, 0, 0, 0, 0, 0, 0 ]",[],4,keyboard,1,electronic
"143,727",reed_acoustic_037-031-127,387,reed_acoustic_037,31,127,"16,000","[ 0, 0, 0, 0, 1, 0, 0, 0, 1, 0 ]","[ ""long_release"", ""reverb"" ]",7,reed,0,acoustic
"116,547",guitar_electronic_028-101-100,510,guitar_electronic_028,101,100,"16,000","[ 1, 0, 0, 0, 0, 0, 0, 0, 0, 0 ]","[ ""bright"" ]",3,guitar,1,electronic
"59,149",keyboard_electronic_069-077-050,805,keyboard_electronic_069,77,50,"16,000","[ 0, 0, 1, 0, 0, 0, 0, 0, 0, 0 ]","[ ""distortion"" ]",4,keyboard,1,electronic
"35,980",vocal_synthetic_003-063-025,37,vocal_synthetic_003,63,25,"16,000","[ 1, 0, 1, 0, 1, 0, 1, 0, 0, 0 ]","[ ""bright"", ""distortion"", ""long_release"", ""nonlinear_env"" ]",10,vocal,2,synthetic
"240,131",keyboard_electronic_069-067-050,805,keyboard_electronic_069,67,50,"16,000","[ 0, 0, 1, 0, 0, 0, 0, 0, 0, 0 ]","[ ""distortion"" ]",4,keyboard,1,electronic
"192,690",bass_synthetic_033-057-075,417,bass_synthetic_033,57,75,"16,000","[ 0, 1, 0, 0, 0, 0, 0, 0, 0, 0 ]","[ ""dark"" ]",0,bass,2,synthetic
"133,841",flute_acoustic_002-078-025,86,flute_acoustic_002,78,25,"16,000","[ 0, 0, 0, 0, 0, 0, 0, 0, 1, 0 ]","[ ""reverb"" ]",2,flute,0,acoustic
"237,655",organ_electronic_028-096-100,440,organ_electronic_028,96,100,"16,000","[ 1, 0, 0, 0, 0, 0, 0, 0, 0, 0 ]","[ ""bright"" ]",6,organ,1,electronic
"146,320",organ_electronic_007-036-025,123,organ_electronic_007,36,25,"16,000","[ 0, 0, 1, 0, 1, 0, 1, 0, 0, 0 ]","[ ""distortion"", ""long_release"", ""nonlinear_env"" ]",6,organ,1,electronic
"99,452",reed_acoustic_037-060-100,387,reed_acoustic_037,60,100,"16,000","[ 0, 0, 0, 0, 1, 0, 0, 0, 1, 0 ]","[ ""long_release"", ""reverb"" ]",7,reed,0,acoustic
"157,665",guitar_acoustic_014-104-025,263,guitar_acoustic_014,104,25,"16,000","[ 0, 0, 0, 1, 0, 0, 0, 1, 0, 0 ]","[ ""fast_decay"", ""percussive"" ]",3,guitar,0,acoustic
"77,735",bass_synthetic_033-030-050,417,bass_synthetic_033,30,50,"16,000","[ 0, 1, 0, 0, 0, 0, 0, 0, 0, 0 ]","[ ""dark"" ]",0,bass,2,synthetic
"213,054",bass_synthetic_098-036-050,803,bass_synthetic_098,36,50,"16,000","[ 0, 1, 0, 0, 0, 0, 0, 0, 0, 0 ]","[ ""dark"" ]",0,bass,2,synthetic
"176,475",guitar_acoustic_021-022-075,457,guitar_acoustic_021,22,75,"16,000","[ 0, 0, 0, 0, 0, 0, 0, 0, 0, 0 ]",[],3,guitar,0,acoustic
"7,746",vocal_synthetic_003-056-127,37,vocal_synthetic_003,56,127,"16,000","[ 1, 0, 1, 0, 1, 0, 1, 0, 0, 0 ]","[ ""bright"", ""distortion"", ""long_release"", ""nonlinear_env"" ]",10,vocal,2,synthetic
"257,669",bass_electronic_018-029-075,759,bass_electronic_018,29,75,"16,000","[ 0, 0, 0, 0, 0, 0, 0, 0, 0, 0 ]",[],0,bass,1,electronic
"253,385",bass_electronic_025-036-127,872,bass_electronic_025,36,127,"16,000","[ 0, 0, 0, 0, 0, 0, 0, 0, 0, 0 ]",[],0,bass,1,electronic
"75,780",organ_electronic_028-077-050,440,organ_electronic_028,77,50,"16,000","[ 0, 0, 0, 0, 0, 0, 0, 0, 0, 0 ]",[],6,organ,1,electronic
"251,985",organ_electronic_001-058-075,8,organ_electronic_001,58,75,"16,000","[ 0, 1, 0, 0, 0, 0, 0, 0, 0, 0 ]","[ ""dark"" ]",6,organ,1,electronic
"9,558",reed_acoustic_018-055-050,183,reed_acoustic_018,55,50,"16,000","[ 0, 0, 0, 0, 0, 0, 0, 0, 0, 0 ]",[],7,reed,0,acoustic
"77,138",brass_acoustic_059-046-025,572,brass_acoustic_059,46,25,"16,000","[ 0, 1, 0, 0, 0, 0, 0, 0, 1, 0 ]","[ ""dark"", ""reverb"" ]",1,brass,0,acoustic
"255,829",bass_synthetic_135-106-075,927,bass_synthetic_135,106,75,"16,000","[ 1, 0, 1, 0, 0, 0, 0, 0, 0, 0 ]","[ ""bright"", ""distortion"" ]",0,bass,2,synthetic
"189,813",organ_electronic_104-050-050,921,organ_electronic_104,50,50,"16,000","[ 0, 0, 0, 0, 0, 0, 0, 0, 0, 0 ]",[],6,organ,1,electronic
"261,999",keyboard_acoustic_004-076-075,327,keyboard_acoustic_004,76,75,"16,000","[ 0, 0, 0, 0, 0, 0, 0, 0, 1, 0 ]","[ ""reverb"" ]",4,keyboard,0,acoustic
"230,215",organ_electronic_007-042-100,123,organ_electronic_007,42,100,"16,000","[ 0, 0, 1, 0, 1, 0, 1, 0, 0, 0 ]","[ ""distortion"", ""long_release"", ""nonlinear_env"" ]",6,organ,1,electronic
"287,081",organ_electronic_113-054-127,958,organ_electronic_113,54,127,"16,000","[ 0, 1, 0, 0, 0, 0, 0, 0, 0, 0 ]","[ ""dark"" ]",6,organ,1,electronic
"94,322",reed_acoustic_037-066-025,387,reed_acoustic_037,66,25,"16,000","[ 0, 0, 0, 0, 0, 0, 0, 0, 1, 0 ]","[ ""reverb"" ]",7,reed,0,acoustic
"195,490",bass_electronic_027-028-025,880,bass_electronic_027,28,25,"16,000","[ 0, 0, 0, 0, 0, 0, 0, 0, 0, 0 ]",[],0,bass,1,electronic
"187,011",guitar_acoustic_014-102-100,263,guitar_acoustic_014,102,100,"16,000","[ 0, 0, 0, 1, 0, 0, 0, 1, 0, 0 ]","[ ""fast_decay"", ""percussive"" ]",3,guitar,0,acoustic
"180,380",keyboard_synthetic_000-089-075,577,keyboard_synthetic_000,89,75,"16,000","[ 1, 0, 1, 1, 0, 0, 1, 0, 0, 0 ]","[ ""bright"", ""distortion"", ""fast_decay"", ""nonlinear_env"" ]",4,keyboard,2,synthetic
"274,508",organ_electronic_028-090-025,440,organ_electronic_028,90,25,"16,000","[ 0, 0, 0, 0, 0, 0, 0, 0, 0, 0 ]",[],6,organ,1,electronic
"202,934",bass_electronic_027-038-025,880,bass_electronic_027,38,25,"16,000","[ 0, 0, 0, 0, 0, 0, 0, 0, 0, 0 ]",[],0,bass,1,electronic
"165,521",mallet_acoustic_062-101-075,644,mallet_acoustic_062,101,75,"16,000","[ 1, 0, 0, 1, 0, 1, 0, 0, 0, 0 ]","[ ""bright"", ""fast_decay"", ""multiphonic"" ]",5,mallet,0,acoustic
"1,282",brass_acoustic_016-089-050,128,brass_acoustic_016,89,50,"16,000","[ 0, 0, 0, 0, 0, 0, 0, 0, 0, 0 ]",[],1,brass,0,acoustic
"220,431",organ_electronic_104-032-050,921,organ_electronic_104,32,50,"16,000","[ 0, 0, 0, 0, 0, 0, 0, 0, 0, 0 ]",[],6,organ,1,electronic
"63,888",bass_synthetic_134-095-100,914,bass_synthetic_134,95,100,"16,000","[ 0, 0, 0, 1, 0, 0, 0, 1, 1, 0 ]","[ ""fast_decay"", ""percussive"", ""reverb"" ]",0,bass,2,synthetic
"268,113",organ_electronic_007-020-100,123,organ_electronic_007,20,100,"16,000","[ 0, 0, 1, 0, 1, 0, 1, 0, 0, 0 ]","[ ""distortion"", ""long_release"", ""nonlinear_env"" ]",6,organ,1,electronic
"57,410",mallet_acoustic_062-079-075,644,mallet_acoustic_062,79,75,"16,000","[ 0, 0, 0, 1, 0, 1, 0, 0, 0, 0 ]","[ ""fast_decay"", ""multiphonic"" ]",5,mallet,0,acoustic
"113,020",string_acoustic_071-050-050,609,string_acoustic_071,50,50,"16,000","[ 0, 0, 0, 0, 0, 0, 0, 0, 1, 0 ]","[ ""reverb"" ]",8,string,0,acoustic
"110,628",string_acoustic_056-050-127,436,string_acoustic_056,50,127,"16,000","[ 0, 0, 0, 1, 0, 0, 0, 0, 1, 0 ]","[ ""fast_decay"", ""reverb"" ]",8,string,0,acoustic
"60,755",keyboard_electronic_069-072-075,805,keyboard_electronic_069,72,75,"16,000","[ 0, 0, 1, 0, 0, 0, 0, 0, 0, 0 ]","[ ""distortion"" ]",4,keyboard,1,electronic
"270,657",bass_synthetic_098-044-050,803,bass_synthetic_098,44,50,"16,000","[ 0, 1, 0, 0, 0, 0, 0, 0, 0, 0 ]","[ ""dark"" ]",0,bass,2,synthetic
"79,489",brass_acoustic_046-086-025,414,brass_acoustic_046,86,25,"16,000","[ 0, 0, 0, 0, 1, 0, 0, 0, 0, 0 ]","[ ""long_release"" ]",1,brass,0,acoustic
"239,217",guitar_electronic_022-067-127,378,guitar_electronic_022,67,127,"16,000","[ 0, 0, 0, 0, 0, 0, 0, 0, 0, 0 ]",[],3,guitar,1,electronic
"154,354",bass_electronic_025-044-127,872,bass_electronic_025,44,127,"16,000","[ 0, 0, 0, 0, 0, 0, 0, 0, 0, 0 ]",[],0,bass,1,electronic
"162,374",guitar_acoustic_015-034-127,316,guitar_acoustic_015,34,127,"16,000","[ 0, 0, 0, 0, 1, 0, 0, 0, 1, 0 ]","[ ""long_release"", ""reverb"" ]",3,guitar,0,acoustic
"24,277",brass_acoustic_046-096-025,414,brass_acoustic_046,96,25,"16,000","[ 0, 0, 0, 0, 1, 0, 0, 0, 0, 0 ]","[ ""long_release"" ]",1,brass,0,acoustic
"203,435",keyboard_electronic_003-074-127,65,keyboard_electronic_003,74,127,"16,000","[ 0, 0, 0, 0, 0, 0, 0, 0, 0, 0 ]",[],4,keyboard,1,electronic
"231,386",guitar_electronic_022-077-127,378,guitar_electronic_022,77,127,"16,000","[ 0, 0, 0, 0, 0, 0, 0, 0, 0, 0 ]",[],3,guitar,1,electronic
"188,222",guitar_acoustic_010-039-075,219,guitar_acoustic_010,39,75,"16,000","[ 0, 0, 0, 0, 0, 0, 0, 0, 0, 0 ]",[],3,guitar,0,acoustic
"182,729",guitar_electronic_022-042-025,378,guitar_electronic_022,42,25,"16,000","[ 0, 1, 0, 0, 0, 0, 0, 0, 0, 0 ]","[ ""dark"" ]",3,guitar,1,electronic
"241,730",organ_electronic_028-062-075,440,organ_electronic_028,62,75,"16,000","[ 0, 1, 0, 0, 0, 0, 0, 0, 0, 0 ]","[ ""dark"" ]",6,organ,1,electronic
"13,222",reed_acoustic_023-092-100,224,reed_acoustic_023,92,100,"16,000","[ 0, 0, 0, 1, 0, 1, 1, 0, 0, 0 ]","[ ""fast_decay"", ""multiphonic"", ""nonlinear_env"" ]",7,reed,0,acoustic
"223,011",bass_synthetic_098-023-075,803,bass_synthetic_098,23,75,"16,000","[ 0, 0, 0, 0, 0, 0, 0, 0, 0, 0 ]",[],0,bass,2,synthetic
"194,062",bass_synthetic_098-033-075,803,bass_synthetic_098,33,75,"16,000","[ 0, 0, 0, 0, 0, 0, 0, 0, 0, 0 ]",[],0,bass,2,synthetic
"131,854",reed_acoustic_023-073-050,224,reed_acoustic_023,73,50,"16,000","[ 1, 0, 0, 1, 0, 1, 1, 0, 0, 0 ]","[ ""bright"", ""fast_decay"", ""multiphonic"", ""nonlinear_env"" ]",7,reed,0,acoustic
"112,833",string_acoustic_080-041-127,675,string_acoustic_080,41,127,"16,000","[ 0, 0, 0, 0, 1, 0, 0, 0, 1, 0 ]","[ ""long_release"", ""reverb"" ]",8,string,0,acoustic
"5,073",brass_acoustic_006-049-025,43,brass_acoustic_006,49,25,"16,000","[ 0, 0, 0, 0, 0, 0, 0, 0, 1, 0 ]","[ ""reverb"" ]",1,brass,0,acoustic
"19,875",vocal_synthetic_003-065-100,37,vocal_synthetic_003,65,100,"16,000","[ 1, 0, 1, 0, 1, 0, 1, 0, 0, 0 ]","[ ""bright"", ""distortion"", ""long_release"", ""nonlinear_env"" ]",10,vocal,2,synthetic
"154,390",guitar_acoustic_015-094-050,316,guitar_acoustic_015,94,50,"16,000","[ 0, 0, 0, 1, 0, 0, 0, 1, 1, 0 ]","[ ""fast_decay"", ""percussive"", ""reverb"" ]",3,guitar,0,acoustic
"97,148",guitar_electronic_022-026-100,378,guitar_electronic_022,26,100,"16,000","[ 0, 1, 0, 0, 0, 0, 0, 0, 0, 0 ]","[ ""dark"" ]",3,guitar,1,electronic
"26,938",vocal_synthetic_003-094-050,37,vocal_synthetic_003,94,50,"16,000","[ 1, 0, 1, 0, 1, 0, 1, 0, 0, 0 ]","[ ""bright"", ""distortion"", ""long_release"", ""nonlinear_env"" ]",10,vocal,2,synthetic
"135,519",keyboard_acoustic_004-073-050,327,keyboard_acoustic_004,73,50,"16,000","[ 0, 1, 0, 0, 0, 0, 0, 0, 1, 0 ]","[ ""dark"", ""reverb"" ]",4,keyboard,0,acoustic
"123,462",string_acoustic_056-075-025,436,string_acoustic_056,75,25,"16,000","[ 0, 0, 0, 1, 0, 0, 0, 1, 1, 0 ]","[ ""fast_decay"", ""percussive"", ""reverb"" ]",8,string,0,acoustic
"225,568",organ_electronic_104-055-075,921,organ_electronic_104,55,75,"16,000","[ 0, 0, 0, 0, 0, 0, 0, 0, 0, 0 ]",[],6,organ,1,electronic
"250,893",bass_synthetic_135-103-050,927,bass_synthetic_135,103,50,"16,000","[ 1, 0, 1, 0, 0, 0, 0, 0, 0, 0 ]","[ ""bright"", ""distortion"" ]",0,bass,2,synthetic
"79,680",string_acoustic_080-051-127,675,string_acoustic_080,51,127,"16,000","[ 0, 0, 0, 0, 0, 0, 0, 0, 1, 0 ]","[ ""reverb"" ]",8,string,0,acoustic
"107,826",keyboard_electronic_098-045-100,905,keyboard_electronic_098,45,100,"16,000","[ 0, 1, 1, 0, 0, 0, 0, 0, 0, 0 ]","[ ""dark"", ""distortion"" ]",4,keyboard,1,electronic
"265,481",organ_electronic_113-083-100,958,organ_electronic_113,83,100,"16,000","[ 0, 0, 0, 0, 0, 0, 0, 0, 0, 0 ]",[],6,organ,1,electronic
"205,728",keyboard_electronic_069-072-100,805,keyboard_electronic_069,72,100,"16,000","[ 0, 0, 1, 0, 0, 0, 0, 0, 0, 0 ]","[ ""distortion"" ]",4,keyboard,1,electronic
"188,825",guitar_acoustic_021-050-100,457,guitar_acoustic_021,50,100,"16,000","[ 0, 0, 0, 0, 0, 0, 0, 0, 0, 0 ]",[],3,guitar,0,acoustic
"39,350",mallet_acoustic_047-080-100,488,mallet_acoustic_047,80,100,"16,000","[ 0, 0, 0, 1, 0, 0, 0, 1, 1, 0 ]","[ ""fast_decay"", ""percussive"", ""reverb"" ]",5,mallet,0,acoustic
"28,363",flute_synthetic_000-091-050,82,flute_synthetic_000,91,50,"16,000","[ 0, 0, 1, 0, 0, 0, 0, 0, 0, 0 ]","[ ""distortion"" ]",2,flute,2,synthetic
"151,553",mallet_acoustic_062-088-050,644,mallet_acoustic_062,88,50,"16,000","[ 0, 0, 0, 1, 0, 1, 0, 0, 0, 0 ]","[ ""fast_decay"", ""multiphonic"" ]",5,mallet,0,acoustic
"249,262",keyboard_electronic_003-052-050,65,keyboard_electronic_003,52,50,"16,000","[ 0, 1, 0, 0, 0, 0, 0, 0, 0, 0 ]","[ ""dark"" ]",4,keyboard,1,electronic
"145,876",guitar_acoustic_010-068-127,219,guitar_acoustic_010,68,127,"16,000","[ 0, 0, 0, 0, 0, 0, 0, 0, 0, 0 ]",[],3,guitar,0,acoustic
"177,574",mallet_acoustic_047-071-050,488,mallet_acoustic_047,71,50,"16,000","[ 0, 0, 0, 1, 0, 0, 0, 1, 1, 0 ]","[ ""fast_decay"", ""percussive"", ""reverb"" ]",5,mallet,0,acoustic
"247,661",bass_synthetic_134-095-075,914,bass_synthetic_134,95,75,"16,000","[ 0, 0, 0, 1, 0, 0, 0, 1, 1, 0 ]","[ ""fast_decay"", ""percussive"", ""reverb"" ]",0,bass,2,synthetic
"136,310",reed_acoustic_023-070-025,224,reed_acoustic_023,70,25,"16,000","[ 1, 0, 0, 1, 0, 1, 1, 0, 0, 0 ]","[ ""bright"", ""fast_decay"", ""multiphonic"", ""nonlinear_env"" ]",7,reed,0,acoustic
"119,609",guitar_acoustic_021-024-025,457,guitar_acoustic_021,24,25,"16,000","[ 0, 0, 0, 0, 0, 0, 0, 0, 0, 0 ]",[],3,guitar,0,acoustic
"13,884",flute_synthetic_000-108-100,82,flute_synthetic_000,108,100,"16,000","[ 1, 0, 1, 0, 0, 0, 0, 0, 0, 0 ]","[ ""bright"", ""distortion"" ]",2,flute,2,synthetic
"214,696",organ_electronic_028-023-127,440,organ_electronic_028,23,127,"16,000","[ 0, 1, 0, 0, 0, 0, 0, 0, 0, 0 ]","[ ""dark"" ]",6,organ,1,electronic
"248,960",bass_electronic_025-062-050,872,bass_electronic_025,62,50,"16,000","[ 0, 0, 0, 0, 0, 0, 0, 0, 0, 0 ]",[],0,bass,1,electronic
"154,805",mallet_acoustic_062-069-100,644,mallet_acoustic_062,69,100,"16,000","[ 0, 1, 0, 0, 0, 1, 0, 0, 0, 0 ]","[ ""dark"", ""multiphonic"" ]",5,mallet,0,acoustic
"262,127",bass_synthetic_033-064-127,417,bass_synthetic_033,64,127,"16,000","[ 0, 0, 1, 0, 0, 0, 0, 0, 0, 0 ]","[ ""distortion"" ]",0,bass,2,synthetic
"285,835",bass_synthetic_009-086-127,150,bass_synthetic_009,86,127,"16,000","[ 0, 0, 0, 0, 1, 0, 0, 0, 0, 0 ]","[ ""long_release"" ]",0,bass,2,synthetic
"102,999",mallet_acoustic_056-063-100,590,mallet_acoustic_056,63,100,"16,000","[ 0, 0, 0, 1, 0, 0, 0, 1, 0, 0 ]","[ ""fast_decay"", ""percussive"" ]",5,mallet,0,acoustic
"235,793",bass_synthetic_068-040-025,656,bass_synthetic_068,40,25,"16,000","[ 0, 1, 0, 0, 0, 0, 0, 0, 0, 0 ]","[ ""dark"" ]",0,bass,2,synthetic
"193,269",keyboard_synthetic_000-044-025,577,keyboard_synthetic_000,44,25,"16,000","[ 0, 0, 1, 1, 0, 0, 1, 0, 0, 0 ]","[ ""distortion"", ""fast_decay"", ""nonlinear_env"" ]",4,keyboard,2,synthetic
"12,032",string_acoustic_014-059-050,100,string_acoustic_014,59,50,"16,000","[ 0, 1, 0, 0, 0, 0, 0, 0, 1, 0 ]","[ ""dark"", ""reverb"" ]",8,string,0,acoustic
"273,644",bass_synthetic_009-096-127,150,bass_synthetic_009,96,127,"16,000","[ 0, 0, 0, 0, 1, 0, 0, 0, 0, 0 ]","[ ""long_release"" ]",0,bass,2,synthetic
"39,338",string_acoustic_057-060-127,450,string_acoustic_057,60,127,"16,000","[ 1, 0, 0, 0, 0, 0, 1, 0, 1, 0 ]","[ ""bright"", ""nonlinear_env"", ""reverb"" ]",8,string,0,acoustic
"127,675",flute_synthetic_000-028-050,82,flute_synthetic_000,28,50,"16,000","[ 0, 0, 1, 0, 0, 0, 0, 0, 0, 0 ]","[ ""distortion"" ]",2,flute,2,synthetic
"158,166",guitar_electronic_028-040-025,510,guitar_electronic_028,40,25,"16,000","[ 0, 1, 0, 0, 0, 0, 0, 0, 0, 0 ]","[ ""dark"" ]",3,guitar,1,electronic
"167,395",bass_synthetic_135-054-050,927,bass_synthetic_135,54,50,"16,000","[ 0, 0, 1, 0, 0, 0, 0, 0, 0, 0 ]","[ ""distortion"" ]",0,bass,2,synthetic
"95,891",bass_electronic_027-032-127,880,bass_electronic_027,32,127,"16,000","[ 0, 0, 0, 0, 0, 0, 0, 0, 0, 0 ]",[],0,bass,1,electronic
"300,909",organ_electronic_001-062-050,8,organ_electronic_001,62,50,"16,000","[ 0, 1, 0, 0, 0, 0, 0, 0, 0, 0 ]","[ ""dark"" ]",6,organ,1,electronic
"182,610",mallet_acoustic_062-021-050,644,mallet_acoustic_062,21,50,"16,000","[ 0, 1, 0, 0, 0, 1, 0, 0, 0, 0 ]","[ ""dark"", ""multiphonic"" ]",5,mallet,0,acoustic
"51,422",brass_acoustic_015-050-127,121,brass_acoustic_015,50,127,"16,000","[ 0, 0, 0, 0, 0, 0, 0, 0, 1, 0 ]","[ ""reverb"" ]",1,brass,0,acoustic
"27,347",reed_acoustic_011-063-050,104,reed_acoustic_011,63,50,"16,000","[ 0, 0, 0, 0, 0, 0, 0, 0, 0, 0 ]",[],7,reed,0,acoustic
"272,900",organ_electronic_057-074-050,701,organ_electronic_057,74,50,"16,000","[ 0, 0, 0, 0, 0, 0, 0, 0, 0, 0 ]",[],6,organ,1,electronic
"87,981",string_acoustic_012-040-025,97,string_acoustic_012,40,25,"16,000","[ 0, 0, 0, 0, 1, 0, 0, 0, 1, 0 ]","[ ""long_release"", ""reverb"" ]",8,string,0,acoustic
"135,581",guitar_acoustic_014-045-100,263,guitar_acoustic_014,45,100,"16,000","[ 0, 0, 0, 0, 0, 0, 0, 0, 0, 0 ]",[],3,guitar,0,acoustic
"52,362",brass_acoustic_016-057-100,128,brass_acoustic_016,57,100,"16,000","[ 0, 0, 0, 0, 0, 0, 0, 0, 0, 0 ]",[],1,brass,0,acoustic
"253,412",organ_electronic_057-064-050,701,organ_electronic_057,64,50,"16,000","[ 0, 0, 0, 0, 0, 0, 0, 0, 0, 0 ]",[],6,organ,1,electronic
"133,967",reed_acoustic_037-049-025,387,reed_acoustic_037,49,25,"16,000","[ 0, 0, 0, 0, 0, 0, 0, 0, 1, 0 ]","[ ""reverb"" ]",7,reed,0,acoustic
"223,950",bass_synthetic_009-026-050,150,bass_synthetic_009,26,50,"16,000","[ 1, 0, 1, 0, 1, 0, 0, 0, 0, 0 ]","[ ""bright"", ""distortion"", ""long_release"" ]",0,bass,2,synthetic
"67,810",guitar_electronic_028-075-127,510,guitar_electronic_028,75,127,"16,000","[ 0, 0, 0, 0, 0, 0, 0, 0, 0, 0 ]",[],3,guitar,1,electronic
"282,071",keyboard_synthetic_000-061-127,577,keyboard_synthetic_000,61,127,"16,000","[ 1, 0, 1, 1, 0, 0, 1, 0, 0, 0 ]","[ ""bright"", ""distortion"", ""fast_decay"", ""nonlinear_env"" ]",4,keyboard,2,synthetic
"48,976",guitar_acoustic_014-021-025,263,guitar_acoustic_014,21,25,"16,000","[ 0, 0, 0, 0, 0, 0, 0, 0, 0, 0 ]",[],3,guitar,0,acoustic
"15,630",mallet_acoustic_062-081-127,644,mallet_acoustic_062,81,127,"16,000","[ 0, 0, 0, 0, 0, 1, 0, 0, 0, 0 ]","[ ""multiphonic"" ]",5,mallet,0,acoustic
"27,247",flute_synthetic_000-098-127,82,flute_synthetic_000,98,127,"16,000","[ 0, 0, 1, 0, 0, 0, 0, 0, 0, 0 ]","[ ""distortion"" ]",2,flute,2,synthetic
"48,419",mallet_acoustic_047-100-127,488,mallet_acoustic_047,100,127,"16,000","[ 0, 0, 0, 1, 0, 0, 0, 1, 1, 0 ]","[ ""fast_decay"", ""percussive"", ""reverb"" ]",5,mallet,0,acoustic
"6,954",brass_acoustic_006-084-075,43,brass_acoustic_006,84,75,"16,000","[ 0, 0, 0, 0, 0, 0, 0, 0, 1, 0 ]","[ ""reverb"" ]",1,brass,0,acoustic
"155,309",bass_synthetic_068-075-127,656,bass_synthetic_068,75,127,"16,000","[ 0, 0, 1, 0, 0, 0, 0, 0, 0, 0 ]","[ ""distortion"" ]",0,bass,2,synthetic
"217,863",keyboard_synthetic_000-071-127,577,keyboard_synthetic_000,71,127,"16,000","[ 1, 0, 1, 1, 0, 0, 1, 0, 0, 0 ]","[ ""bright"", ""distortion"", ""fast_decay"", ""nonlinear_env"" ]",4,keyboard,2,synthetic
"153,111",guitar_acoustic_010-080-100,219,guitar_acoustic_010,80,100,"16,000","[ 0, 0, 0, 0, 0, 0, 0, 0, 0, 0 ]",[],3,guitar,0,acoustic
"289,464",keyboard_electronic_001-043-100,40,keyboard_electronic_001,43,100,"16,000","[ 0, 0, 0, 0, 0, 0, 0, 0, 0, 0 ]",[],4,keyboard,1,electronic
"71,763",reed_acoustic_011-045-050,104,reed_acoustic_011,45,50,"16,000","[ 0, 0, 0, 0, 0, 0, 0, 0, 0, 0 ]",[],7,reed,0,acoustic
"237,364",bass_electronic_027-031-025,880,bass_electronic_027,31,25,"16,000","[ 0, 0, 0, 0, 0, 0, 0, 0, 0, 0 ]",[],0,bass,1,electronic
"99,645",guitar_acoustic_014-063-100,263,guitar_acoustic_014,63,100,"16,000","[ 0, 0, 0, 0, 0, 0, 0, 0, 0, 0 ]",[],3,guitar,0,acoustic
"17,228",string_acoustic_056-059-127,436,string_acoustic_056,59,127,"16,000","[ 0, 0, 0, 1, 0, 0, 0, 0, 1, 0 ]","[ ""fast_decay"", ""reverb"" ]",8,string,0,acoustic
"113,555",mallet_acoustic_047-099-075,488,mallet_acoustic_047,99,75,"16,000","[ 0, 0, 0, 1, 0, 0, 0, 1, 1, 0 ]","[ ""fast_decay"", ""percussive"", ""reverb"" ]",5,mallet,0,acoustic
"88,271",keyboard_electronic_002-033-100,50,keyboard_electronic_002,33,100,"16,000","[ 0, 0, 1, 0, 0, 0, 0, 0, 0, 0 ]","[ ""distortion"" ]",4,keyboard,1,electronic
"45,889",brass_acoustic_006-065-127,43,brass_acoustic_006,65,127,"16,000","[ 0, 0, 0, 0, 0, 0, 0, 0, 1, 0 ]","[ ""reverb"" ]",1,brass,0,acoustic
"9,833",guitar_acoustic_014-073-100,263,guitar_acoustic_014,73,100,"16,000","[ 0, 0, 0, 0, 0, 0, 0, 0, 0, 0 ]",[],3,guitar,0,acoustic
"77,314",string_acoustic_057-073-025,450,string_acoustic_057,73,25,"16,000","[ 1, 0, 0, 0, 0, 0, 1, 0, 1, 0 ]","[ ""bright"", ""nonlinear_env"", ""reverb"" ]",8,string,0,acoustic
"231,209",organ_electronic_007-039-100,123,organ_electronic_007,39,100,"16,000","[ 0, 0, 1, 0, 1, 0, 1, 0, 0, 0 ]","[ ""distortion"", ""long_release"", ""nonlinear_env"" ]",6,organ,1,electronic
"305,745",keyboard_electronic_001-084-050,40,keyboard_electronic_001,84,50,"16,000","[ 0, 0, 0, 0, 0, 0, 0, 1, 0, 0 ]","[ ""percussive"" ]",4,keyboard,1,electronic
"50,036",brass_acoustic_059-049-100,572,brass_acoustic_059,49,100,"16,000","[ 0, 0, 0, 0, 0, 0, 0, 0, 1, 0 ]","[ ""reverb"" ]",1,brass,0,acoustic
"194,032",keyboard_electronic_002-047-025,50,keyboard_electronic_002,47,25,"16,000","[ 0, 0, 0, 0, 0, 0, 0, 0, 0, 0 ]",[],4,keyboard,1,electronic
"248,690",bass_synthetic_068-053-127,656,bass_synthetic_068,53,127,"16,000","[ 0, 1, 1, 0, 0, 0, 0, 0, 0, 0 ]","[ ""dark"", ""distortion"" ]",0,bass,2,synthetic
"137,355",bass_electronic_018-052-075,759,bass_electronic_018,52,75,"16,000","[ 0, 0, 0, 0, 0, 0, 0, 0, 0, 0 ]",[],0,bass,1,electronic
"194,272",keyboard_electronic_001-065-100,40,keyboard_electronic_001,65,100,"16,000","[ 0, 0, 0, 0, 0, 0, 0, 0, 0, 0 ]",[],4,keyboard,1,electronic
"153,270",mallet_acoustic_047-103-025,488,mallet_acoustic_047,103,25,"16,000","[ 0, 0, 0, 1, 0, 0, 0, 1, 1, 0 ]","[ ""fast_decay"", ""percussive"", ""reverb"" ]",5,mallet,0,acoustic
"128,951",guitar_acoustic_014-022-127,263,guitar_acoustic_014,22,127,"16,000","[ 0, 0, 0, 0, 1, 0, 0, 0, 0, 0 ]","[ ""long_release"" ]",3,guitar,0,acoustic
"284,609",keyboard_electronic_098-028-025,905,keyboard_electronic_098,28,25,"16,000","[ 0, 1, 0, 0, 0, 0, 0, 0, 0, 0 ]","[ ""dark"" ]",4,keyboard,1,electronic
"45,750",mallet_acoustic_056-045-100,590,mallet_acoustic_056,45,100,"16,000","[ 1, 0, 0, 1, 0, 0, 0, 1, 0, 0 ]","[ ""bright"", ""fast_decay"", ""percussive"" ]",5,mallet,0,acoustic
"9,751",brass_acoustic_006-034-100,43,brass_acoustic_006,34,100,"16,000","[ 0, 0, 0, 0, 0, 0, 0, 0, 1, 0 ]","[ ""reverb"" ]",1,brass,0,acoustic
"261,057",keyboard_electronic_003-048-025,65,keyboard_electronic_003,48,25,"16,000","[ 0, 1, 0, 0, 0, 0, 0, 0, 0, 0 ]","[ ""dark"" ]",4,keyboard,1,electronic
"26,472",bass_synthetic_068-076-025,656,bass_synthetic_068,76,25,"16,000","[ 0, 0, 0, 0, 0, 0, 0, 0, 0, 0 ]",[],0,bass,2,synthetic
"72,001",flute_acoustic_002-077-100,86,flute_acoustic_002,77,100,"16,000","[ 0, 0, 0, 0, 0, 0, 0, 0, 1, 0 ]","[ ""reverb"" ]",2,flute,0,acoustic
"14,359",string_acoustic_012-043-127,97,string_acoustic_012,43,127,"16,000","[ 0, 0, 0, 0, 0, 0, 0, 0, 1, 0 ]","[ ""reverb"" ]",8,string,0,acoustic
"51,223",guitar_acoustic_030-074-050,642,guitar_acoustic_030,74,50,"16,000","[ 0, 0, 0, 1, 0, 0, 0, 1, 0, 1 ]","[ ""fast_decay"", ""percussive"", ""tempo-synced"" ]",3,guitar,0,acoustic
"301,056",keyboard_electronic_078-056-050,838,keyboard_electronic_078,56,50,"16,000","[ 1, 0, 0, 0, 0, 0, 0, 0, 0, 0 ]","[ ""bright"" ]",4,keyboard,1,electronic
"191,154",guitar_acoustic_015-104-100,316,guitar_acoustic_015,104,100,"16,000","[ 0, 0, 0, 1, 0, 0, 0, 1, 1, 0 ]","[ ""fast_decay"", ""percussive"", ""reverb"" ]",3,guitar,0,acoustic
"74,763",string_acoustic_080-048-127,675,string_acoustic_080,48,127,"16,000","[ 0, 0, 0, 0, 1, 0, 0, 0, 1, 0 ]","[ ""long_release"", ""reverb"" ]",8,string,0,acoustic
"26,827",bass_synthetic_135-093-100,927,bass_synthetic_135,93,100,"16,000","[ 0, 0, 1, 0, 0, 0, 0, 0, 0, 0 ]","[ ""distortion"" ]",0,bass,2,synthetic
"191,086",guitar_electronic_028-076-025,510,guitar_electronic_028,76,25,"16,000","[ 0, 0, 0, 0, 0, 0, 0, 0, 0, 0 ]",[],3,guitar,1,electronic
"90,731",bass_synthetic_135-062-050,927,bass_synthetic_135,62,50,"16,000","[ 0, 0, 1, 0, 0, 0, 0, 0, 0, 0 ]","[ ""distortion"" ]",0,bass,2,synthetic
"127,357",keyboard_electronic_069-089-025,805,keyboard_electronic_069,89,25,"16,000","[ 0, 0, 0, 0, 0, 0, 0, 0, 0, 0 ]",[],4,keyboard,1,electronic
"124,189",flute_acoustic_002-096-050,86,flute_acoustic_002,96,50,"16,000","[ 0, 0, 0, 0, 1, 0, 0, 0, 1, 0 ]","[ ""long_release"", ""reverb"" ]",2,flute,0,acoustic
"225,935",organ_electronic_113-078-025,958,organ_electronic_113,78,25,"16,000","[ 0, 0, 0, 0, 0, 0, 0, 0, 0, 0 ]",[],6,organ,1,electronic
"290,458",keyboard_electronic_001-024-127,40,keyboard_electronic_001,24,127,"16,000","[ 0, 0, 0, 0, 0, 0, 0, 0, 0, 0 ]",[],4,keyboard,1,electronic
"26,100",string_acoustic_056-050-050,436,string_acoustic_056,50,50,"16,000","[ 0, 0, 0, 1, 0, 0, 0, 0, 1, 0 ]","[ ""fast_decay"", ""reverb"" ]",8,string,0,acoustic
"69,429",flute_synthetic_000-022-025,82,flute_synthetic_000,22,25,"16,000","[ 0, 0, 1, 0, 0, 0, 0, 0, 0, 0 ]","[ ""distortion"" ]",2,flute,2,synthetic
"263,210",bass_synthetic_033-085-075,417,bass_synthetic_033,85,75,"16,000","[ 0, 0, 0, 0, 0, 0, 0, 0, 0, 0 ]",[],0,bass,2,synthetic
"62,318",string_acoustic_014-027-100,100,string_acoustic_014,27,100,"16,000","[ 0, 1, 0, 0, 0, 0, 0, 0, 1, 0 ]","[ ""dark"", ""reverb"" ]",8,string,0,acoustic
"304,675",organ_electronic_001-068-025,8,organ_electronic_001,68,25,"16,000","[ 0, 0, 0, 0, 0, 0, 0, 0, 0, 0 ]",[],6,organ,1,electronic
"64,370",guitar_acoustic_030-048-025,642,guitar_acoustic_030,48,25,"16,000","[ 0, 0, 0, 0, 0, 0, 0, 0, 0, 1 ]","[ ""tempo-synced"" ]",3,guitar,0,acoustic
"293,883",keyboard_acoustic_004-046-025,327,keyboard_acoustic_004,46,25,"16,000","[ 0, 1, 0, 0, 0, 0, 0, 0, 1, 0 ]","[ ""dark"", ""reverb"" ]",4,keyboard,0,acoustic
"36,107",string_acoustic_071-040-127,609,string_acoustic_071,40,127,"16,000","[ 0, 0, 0, 0, 1, 0, 0, 0, 1, 0 ]","[ ""long_release"", ""reverb"" ]",8,string,0,acoustic
"70,867",string_acoustic_014-037-100,100,string_acoustic_014,37,100,"16,000","[ 0, 1, 0, 0, 0, 0, 0, 0, 1, 0 ]","[ ""dark"", ""reverb"" ]",8,string,0,acoustic
"125,842",guitar_acoustic_021-087-050,457,guitar_acoustic_021,87,50,"16,000","[ 0, 0, 0, 1, 0, 0, 0, 1, 0, 0 ]","[ ""fast_decay"", ""percussive"" ]",3,guitar,0,acoustic
"305,061",guitar_electronic_022-077-050,378,guitar_electronic_022,77,50,"16,000","[ 0, 0, 0, 0, 0, 0, 0, 0, 0, 0 ]",[],3,guitar,1,electronic
"3,163",string_acoustic_014-053-025,100,string_acoustic_014,53,25,"16,000","[ 0, 1, 0, 1, 0, 0, 0, 0, 1, 0 ]","[ ""dark"", ""fast_decay"", ""reverb"" ]",8,string,0,acoustic
"278,568",keyboard_electronic_003-064-050,65,keyboard_electronic_003,64,50,"16,000","[ 0, 0, 0, 0, 0, 0, 0, 0, 0, 0 ]",[],4,keyboard,1,electronic
"214,388",keyboard_electronic_003-095-100,65,keyboard_electronic_003,95,100,"16,000","[ 0, 0, 0, 0, 0, 0, 0, 1, 0, 0 ]","[ ""percussive"" ]",4,keyboard,1,electronic
"282,660",bass_synthetic_098-044-127,803,bass_synthetic_098,44,127,"16,000","[ 0, 0, 1, 0, 0, 0, 0, 0, 0, 0 ]","[ ""distortion"" ]",0,bass,2,synthetic
"136,422",reed_acoustic_018-066-100,183,reed_acoustic_018,66,100,"16,000","[ 0, 0, 0, 0, 0, 0, 0, 0, 0, 0 ]",[],7,reed,0,acoustic
"90,438",guitar_acoustic_015-043-075,316,guitar_acoustic_015,43,75,"16,000","[ 0, 0, 0, 0, 0, 0, 0, 0, 1, 0 ]","[ ""reverb"" ]",3,guitar,0,acoustic
"172,588",keyboard_electronic_002-103-050,50,keyboard_electronic_002,103,50,"16,000","[ 1, 0, 0, 1, 0, 0, 0, 1, 0, 0 ]","[ ""bright"", ""fast_decay"", ""percussive"" ]",4,keyboard,1,electronic
"219,378",organ_electronic_007-080-100,123,organ_electronic_007,80,100,"16,000","[ 1, 0, 1, 0, 1, 0, 1, 0, 0, 0 ]","[ ""bright"", ""distortion"", ""long_release"", ""nonlinear_env"" ]",6,organ,1,electronic
"133,244",guitar_acoustic_015-084-127,316,guitar_acoustic_015,84,127,"16,000","[ 0, 0, 0, 1, 0, 0, 0, 1, 1, 0 ]","[ ""fast_decay"", ""percussive"", ""reverb"" ]",3,guitar,0,acoustic
"207,158",bass_synthetic_034-090-100,420,bass_synthetic_034,90,100,"16,000","[ 1, 0, 1, 0, 0, 0, 0, 0, 0, 1 ]","[ ""bright"", ""distortion"", ""tempo-synced"" ]",0,bass,2,synthetic
"21,394",vocal_synthetic_003-094-127,37,vocal_synthetic_003,94,127,"16,000","[ 1, 0, 1, 0, 1, 0, 1, 0, 0, 0 ]","[ ""bright"", ""distortion"", ""long_release"", ""nonlinear_env"" ]",10,vocal,2,synthetic
"187,148",organ_electronic_028-044-100,440,organ_electronic_028,44,100,"16,000","[ 0, 1, 0, 0, 0, 0, 0, 0, 0, 0 ]","[ ""dark"" ]",6,organ,1,electronic
"227,998",keyboard_acoustic_004-063-127,327,keyboard_acoustic_004,63,127,"16,000","[ 0, 0, 0, 0, 0, 0, 0, 0, 1, 0 ]","[ ""reverb"" ]",4,keyboard,0,acoustic
"50,759",reed_acoustic_037-031-050,387,reed_acoustic_037,31,50,"16,000","[ 0, 0, 0, 0, 0, 0, 0, 0, 1, 0 ]","[ ""reverb"" ]",7,reed,0,acoustic
"198,440",organ_electronic_028-036-100,440,organ_electronic_028,36,100,"16,000","[ 0, 1, 0, 0, 0, 0, 0, 0, 0, 0 ]","[ ""dark"" ]",6,organ,1,electronic
"202,072",bass_synthetic_033-080-050,417,bass_synthetic_033,80,50,"16,000","[ 0, 0, 0, 0, 0, 0, 0, 0, 0, 0 ]",[],0,bass,2,synthetic
"246,680",bass_synthetic_134-023-025,914,bass_synthetic_134,23,25,"16,000","[ 0, 1, 0, 0, 0, 0, 0, 0, 1, 0 ]","[ ""dark"", ""reverb"" ]",0,bass,2,synthetic
"25,449",brass_acoustic_006-079-075,43,brass_acoustic_006,79,75,"16,000","[ 0, 0, 0, 0, 0, 0, 0, 0, 1, 0 ]","[ ""reverb"" ]",1,brass,0,acoustic
"94,894",reed_acoustic_018-060-025,183,reed_acoustic_018,60,25,"16,000","[ 0, 0, 0, 0, 0, 0, 0, 0, 0, 0 ]",[],7,reed,0,acoustic
"254,319",bass_synthetic_068-088-127,656,bass_synthetic_068,88,127,"16,000","[ 0, 0, 0, 1, 0, 0, 0, 0, 0, 0 ]","[ ""fast_decay"" ]",0,bass,2,synthetic
"291,342",organ_electronic_113-051-075,958,organ_electronic_113,51,75,"16,000","[ 0, 1, 0, 0, 0, 0, 0, 0, 0, 0 ]","[ ""dark"" ]",6,organ,1,electronic
"101,673",reed_acoustic_018-070-025,183,reed_acoustic_018,70,25,"16,000","[ 0, 0, 0, 0, 0, 0, 0, 0, 0, 0 ]",[],7,reed,0,acoustic
"220,356",bass_synthetic_033-061-100,417,bass_synthetic_033,61,100,"16,000","[ 0, 1, 0, 0, 0, 0, 0, 0, 0, 0 ]","[ ""dark"" ]",0,bass,2,synthetic
"71,879",bass_electronic_025-051-075,872,bass_electronic_025,51,75,"16,000","[ 0, 0, 0, 0, 0, 0, 0, 0, 0, 0 ]",[],0,bass,1,electronic
"197,401",bass_synthetic_134-047-100,914,bass_synthetic_134,47,100,"16,000","[ 0, 1, 0, 0, 0, 0, 0, 0, 1, 0 ]","[ ""dark"", ""reverb"" ]",0,bass,2,synthetic
"113,911",bass_synthetic_033-030-127,417,bass_synthetic_033,30,127,"16,000","[ 0, 0, 1, 0, 0, 0, 0, 0, 0, 0 ]","[ ""distortion"" ]",0,bass,2,synthetic
"17,597",vocal_synthetic_003-056-050,37,vocal_synthetic_003,56,50,"16,000","[ 0, 0, 1, 0, 1, 0, 1, 0, 0, 0 ]","[ ""distortion"", ""long_release"", ""nonlinear_env"" ]",10,vocal,2,synthetic
"171,256",guitar_acoustic_015-056-050,316,guitar_acoustic_015,56,50,"16,000","[ 0, 0, 0, 0, 0, 0, 0, 0, 1, 0 ]","[ ""reverb"" ]",3,guitar,0,acoustic
"295,179",organ_electronic_007-064-075,123,organ_electronic_007,64,75,"16,000","[ 0, 0, 1, 0, 1, 0, 1, 0, 0, 0 ]","[ ""distortion"", ""long_release"", ""nonlinear_env"" ]",6,organ,1,electronic
"182,056",bass_synthetic_098-026-127,803,bass_synthetic_098,26,127,"16,000","[ 0, 0, 1, 0, 0, 0, 0, 0, 0, 0 ]","[ ""distortion"" ]",0,bass,2,synthetic
"263,820",bass_synthetic_068-038-050,656,bass_synthetic_068,38,50,"16,000","[ 0, 1, 0, 0, 0, 0, 0, 0, 0, 0 ]","[ ""dark"" ]",0,bass,2,synthetic
"126,445",guitar_electronic_028-028-050,510,guitar_electronic_028,28,50,"16,000","[ 0, 1, 0, 0, 0, 0, 0, 0, 0, 0 ]","[ ""dark"" ]",3,guitar,1,electronic
"135,838",flute_synthetic_000-040-025,82,flute_synthetic_000,40,25,"16,000","[ 0, 0, 1, 0, 0, 0, 0, 0, 0, 0 ]","[ ""distortion"" ]",2,flute,2,synthetic
"96,976",string_acoustic_071-032-127,609,string_acoustic_071,32,127,"16,000","[ 0, 0, 0, 0, 0, 0, 0, 0, 1, 0 ]","[ ""reverb"" ]",8,string,0,acoustic
"280,051",organ_electronic_113-026-050,958,organ_electronic_113,26,50,"16,000","[ 0, 1, 0, 0, 0, 0, 0, 0, 0, 0 ]","[ ""dark"" ]",6,organ,1,electronic
"234,817",bass_synthetic_034-064-075,420,bass_synthetic_034,64,75,"16,000","[ 0, 0, 1, 0, 0, 0, 0, 0, 0, 1 ]","[ ""distortion"", ""tempo-synced"" ]",0,bass,2,synthetic
"16,650",brass_acoustic_046-061-127,414,brass_acoustic_046,61,127,"16,000","[ 1, 0, 0, 0, 0, 0, 0, 0, 0, 0 ]","[ ""bright"" ]",1,brass,0,acoustic
"135,766",reed_acoustic_023-040-100,224,reed_acoustic_023,40,100,"16,000","[ 1, 0, 0, 1, 0, 1, 1, 0, 0, 0 ]","[ ""bright"", ""fast_decay"", ""multiphonic"", ""nonlinear_env"" ]",7,reed,0,acoustic
"159,698",mallet_acoustic_062-049-025,644,mallet_acoustic_062,49,25,"16,000","[ 0, 1, 0, 1, 0, 1, 0, 0, 0, 0 ]","[ ""dark"", ""fast_decay"", ""multiphonic"" ]",5,mallet,0,acoustic
"114,162",organ_electronic_113-036-050,958,organ_electronic_113,36,50,"16,000","[ 0, 1, 0, 0, 0, 0, 0, 0, 0, 0 ]","[ ""dark"" ]",6,organ,1,electronic
"214,443",bass_synthetic_009-015-075,150,bass_synthetic_009,15,75,"16,000","[ 1, 0, 1, 0, 1, 0, 0, 0, 0, 0 ]","[ ""bright"", ""distortion"", ""long_release"" ]",0,bass,2,synthetic
"172,224",mallet_acoustic_062-084-100,644,mallet_acoustic_062,84,100,"16,000","[ 0, 0, 0, 0, 0, 1, 0, 0, 0, 0 ]","[ ""multiphonic"" ]",5,mallet,0,acoustic
"166,625",guitar_acoustic_014-097-075,263,guitar_acoustic_014,97,75,"16,000","[ 0, 0, 0, 1, 0, 0, 0, 1, 0, 0 ]","[ ""fast_decay"", ""percussive"" ]",3,guitar,0,acoustic
"289,699",keyboard_synthetic_000-074-100,577,keyboard_synthetic_000,74,100,"16,000","[ 1, 0, 1, 1, 0, 0, 1, 0, 0, 0 ]","[ ""bright"", ""distortion"", ""fast_decay"", ""nonlinear_env"" ]",4,keyboard,2,synthetic
"131,160",organ_electronic_001-036-050,8,organ_electronic_001,36,50,"16,000","[ 0, 1, 0, 0, 0, 0, 0, 0, 0, 0 ]","[ ""dark"" ]",6,organ,1,electronic
"106,610",flute_synthetic_000-104-050,82,flute_synthetic_000,104,50,"16,000","[ 1, 0, 1, 0, 0, 0, 0, 0, 0, 0 ]","[ ""bright"", ""distortion"" ]",2,flute,2,synthetic
"217,475",keyboard_electronic_001-046-127,40,keyboard_electronic_001,46,127,"16,000","[ 0, 0, 0, 0, 0, 0, 0, 0, 0, 0 ]",[],4,keyboard,1,electronic
"137,674",guitar_acoustic_014-087-075,263,guitar_acoustic_014,87,75,"16,000","[ 0, 0, 0, 1, 0, 0, 0, 1, 0, 0 ]","[ ""fast_decay"", ""percussive"" ]",3,guitar,0,acoustic
"141,947",guitar_acoustic_014-050-127,263,guitar_acoustic_014,50,127,"16,000","[ 0, 0, 0, 0, 0, 0, 0, 0, 0, 0 ]",[],3,guitar,0,acoustic
"203,755",bass_synthetic_068-021-127,656,bass_synthetic_068,21,127,"16,000","[ 0, 1, 1, 0, 0, 0, 0, 0, 0, 0 ]","[ ""dark"", ""distortion"" ]",0,bass,2,synthetic
"12,142",string_acoustic_057-065-100,450,string_acoustic_057,65,100,"16,000","[ 1, 0, 0, 0, 0, 0, 1, 0, 1, 0 ]","[ ""bright"", ""nonlinear_env"", ""reverb"" ]",8,string,0,acoustic
"85,776",brass_acoustic_015-045-100,121,brass_acoustic_015,45,100,"16,000","[ 0, 0, 0, 0, 0, 0, 0, 0, 1, 0 ]","[ ""reverb"" ]",1,brass,0,acoustic
"239,874",bass_synthetic_033-029-050,417,bass_synthetic_033,29,50,"16,000","[ 0, 1, 0, 0, 0, 0, 0, 0, 0, 0 ]","[ ""dark"" ]",0,bass,2,synthetic
"127,021",guitar_acoustic_014-075-025,263,guitar_acoustic_014,75,25,"16,000","[ 0, 0, 0, 0, 0, 0, 0, 0, 0, 0 ]",[],3,guitar,0,acoustic
"105,115",bass_synthetic_068-031-127,656,bass_synthetic_068,31,127,"16,000","[ 0, 1, 1, 0, 0, 0, 0, 0, 0, 0 ]","[ ""dark"", ""distortion"" ]",0,bass,2,synthetic
"65,219",bass_electronic_027-053-025,880,bass_electronic_027,53,25,"16,000","[ 0, 0, 0, 0, 0, 0, 0, 0, 0, 0 ]",[],0,bass,1,electronic
"89,715",brass_acoustic_046-068-050,414,brass_acoustic_046,68,50,"16,000","[ 0, 0, 0, 0, 0, 0, 0, 0, 0, 0 ]",[],1,brass,0,acoustic
"274,563",organ_electronic_001-041-075,8,organ_electronic_001,41,75,"16,000","[ 0, 1, 0, 0, 0, 0, 0, 0, 0, 0 ]","[ ""dark"" ]",6,organ,1,electronic
"207,338",organ_electronic_104-059-050,921,organ_electronic_104,59,50,"16,000","[ 0, 0, 0, 0, 0, 0, 0, 0, 0, 0 ]",[],6,organ,1,electronic
"217,609",bass_synthetic_009-072-050,150,bass_synthetic_009,72,50,"16,000","[ 1, 0, 1, 0, 1, 0, 0, 0, 0, 0 ]","[ ""bright"", ""distortion"", ""long_release"" ]",0,bass,2,synthetic
"101,084",keyboard_electronic_002-051-100,50,keyboard_electronic_002,51,100,"16,000","[ 0, 0, 1, 0, 0, 0, 0, 0, 0, 0 ]","[ ""distortion"" ]",4,keyboard,1,electronic
"249,664",organ_electronic_001-051-075,8,organ_electronic_001,51,75,"16,000","[ 0, 1, 0, 0, 0, 0, 0, 0, 0, 0 ]","[ ""dark"" ]",6,organ,1,electronic
"75,436",brass_acoustic_046-078-050,414,brass_acoustic_046,78,50,"16,000","[ 0, 0, 0, 0, 0, 0, 0, 0, 0, 0 ]",[],1,brass,0,acoustic
"161,245",guitar_electronic_028-031-127,510,guitar_electronic_028,31,127,"16,000","[ 0, 0, 0, 0, 0, 0, 0, 0, 0, 0 ]",[],3,guitar,1,electronic
"236,909",bass_synthetic_009-067-100,150,bass_synthetic_009,67,100,"16,000","[ 1, 0, 1, 0, 1, 0, 0, 0, 0, 0 ]","[ ""bright"", ""distortion"", ""long_release"" ]",0,bass,2,synthetic
"39,522",brass_acoustic_046-105-100,414,brass_acoustic_046,105,100,"16,000","[ 0, 0, 0, 0, 1, 0, 0, 0, 0, 0 ]","[ ""long_release"" ]",1,brass,0,acoustic
"163,149",bass_synthetic_033-048-025,417,bass_synthetic_033,48,25,"16,000","[ 0, 1, 0, 0, 0, 0, 0, 0, 0, 0 ]","[ ""dark"" ]",0,bass,2,synthetic
"240,949",keyboard_electronic_002-054-050,50,keyboard_electronic_002,54,50,"16,000","[ 0, 0, 0, 0, 0, 0, 0, 0, 0, 0 ]",[],4,keyboard,1,electronic
"118,994",guitar_acoustic_010-054-025,219,guitar_acoustic_010,54,25,"16,000","[ 0, 0, 0, 0, 0, 0, 0, 0, 0, 0 ]",[],3,guitar,0,acoustic
"234,901",bass_synthetic_135-083-075,927,bass_synthetic_135,83,75,"16,000","[ 0, 0, 1, 0, 0, 0, 0, 0, 0, 0 ]","[ ""distortion"" ]",0,bass,2,synthetic
"286,335",organ_electronic_057-035-100,701,organ_electronic_057,35,100,"16,000","[ 0, 1, 0, 0, 0, 0, 0, 0, 0, 0 ]","[ ""dark"" ]",6,organ,1,electronic
"12,264",vocal_synthetic_003-104-075,37,vocal_synthetic_003,104,75,"16,000","[ 1, 0, 1, 0, 1, 0, 1, 0, 0, 0 ]","[ ""bright"", ""distortion"", ""long_release"", ""nonlinear_env"" ]",10,vocal,2,synthetic
"119,591",string_acoustic_014-049-127,100,string_acoustic_014,49,127,"16,000","[ 0, 1, 0, 0, 0, 0, 0, 0, 1, 0 ]","[ ""dark"", ""reverb"" ]",8,string,0,acoustic
"164,527",guitar_acoustic_014-081-025,263,guitar_acoustic_014,81,25,"16,000","[ 0, 0, 0, 1, 0, 0, 0, 0, 0, 0 ]","[ ""fast_decay"" ]",3,guitar,0,acoustic
"217,954",bass_electronic_027-022-050,880,bass_electronic_027,22,50,"16,000","[ 0, 0, 0, 0, 0, 0, 0, 1, 0, 0 ]","[ ""percussive"" ]",0,bass,1,electronic
"2,643",string_acoustic_057-070-050,450,string_acoustic_057,70,50,"16,000","[ 1, 0, 0, 0, 0, 0, 1, 0, 1, 0 ]","[ ""bright"", ""nonlinear_env"", ""reverb"" ]",8,string,0,acoustic
"109,266",reed_acoustic_011-046-025,104,reed_acoustic_011,46,25,"16,000","[ 0, 0, 0, 0, 0, 0, 0, 0, 0, 0 ]",[],7,reed,0,acoustic
"27,039",brass_acoustic_016-083-025,128,brass_acoustic_016,83,25,"16,000","[ 1, 0, 0, 0, 0, 0, 0, 0, 0, 0 ]","[ ""bright"" ]",1,brass,0,acoustic
"239,864",bass_synthetic_009-013-025,150,bass_synthetic_009,13,25,"16,000","[ 1, 0, 1, 0, 1, 0, 0, 0, 0, 0 ]","[ ""bright"", ""distortion"", ""long_release"" ]",0,bass,2,synthetic
"297,926",organ_electronic_104-038-025,921,organ_electronic_104,38,25,"16,000","[ 0, 0, 0, 0, 0, 0, 0, 0, 0, 0 ]",[],6,organ,1,electronic
"151,127",keyboard_electronic_078-070-127,838,keyboard_electronic_078,70,127,"16,000","[ 1, 0, 0, 0, 0, 0, 0, 0, 0, 0 ]","[ ""bright"" ]",4,keyboard,1,electronic
"270,428",keyboard_acoustic_004-069-025,327,keyboard_acoustic_004,69,25,"16,000","[ 0, 1, 0, 0, 0, 0, 0, 0, 1, 0 ]","[ ""dark"", ""reverb"" ]",4,keyboard,0,acoustic
"44,037",guitar_electronic_028-075-050,510,guitar_electronic_028,75,50,"16,000","[ 0, 0, 0, 0, 0, 0, 0, 0, 0, 0 ]",[],3,guitar,1,electronic
"29,993",brass_acoustic_006-043-050,43,brass_acoustic_006,43,50,"16,000","[ 0, 0, 0, 0, 0, 0, 0, 0, 1, 0 ]","[ ""reverb"" ]",1,brass,0,acoustic
"18,013",bass_synthetic_135-061-025,927,bass_synthetic_135,61,25,"16,000","[ 0, 0, 1, 0, 0, 0, 0, 0, 0, 0 ]","[ ""distortion"" ]",0,bass,2,synthetic
"71,990",brass_acoustic_059-059-075,572,brass_acoustic_059,59,75,"16,000","[ 0, 0, 0, 0, 0, 0, 0, 0, 1, 0 ]","[ ""reverb"" ]",1,brass,0,acoustic
"26,755",bass_synthetic_034-039-075,420,bass_synthetic_034,39,75,"16,000","[ 0, 0, 1, 0, 0, 0, 0, 0, 0, 1 ]","[ ""distortion"", ""tempo-synced"" ]",0,bass,2,synthetic
"248,268",keyboard_electronic_078-055-025,838,keyboard_electronic_078,55,25,"16,000","[ 1, 0, 0, 0, 0, 0, 0, 0, 0, 0 ]","[ ""bright"" ]",4,keyboard,1,electronic
"192,133",guitar_electronic_028-065-050,510,guitar_electronic_028,65,50,"16,000","[ 0, 0, 0, 0, 0, 0, 0, 0, 0, 0 ]",[],3,guitar,1,electronic
"206,821",keyboard_acoustic_004-101-025,327,keyboard_acoustic_004,101,25,"16,000","[ 0, 0, 0, 0, 0, 0, 0, 0, 1, 0 ]","[ ""reverb"" ]",4,keyboard,0,acoustic
"240,244",keyboard_synthetic_000-080-100,577,keyboard_synthetic_000,80,100,"16,000","[ 1, 0, 1, 1, 0, 0, 1, 0, 0, 0 ]","[ ""bright"", ""distortion"", ""fast_decay"", ""nonlinear_env"" ]",4,keyboard,2,synthetic
"162,949",bass_synthetic_068-084-100,656,bass_synthetic_068,84,100,"16,000","[ 0, 0, 0, 1, 0, 0, 0, 0, 0, 0 ]","[ ""fast_decay"" ]",0,bass,2,synthetic
"149,677",mallet_acoustic_047-099-100,488,mallet_acoustic_047,99,100,"16,000","[ 0, 0, 0, 1, 0, 0, 0, 1, 1, 0 ]","[ ""fast_decay"", ""percussive"", ""reverb"" ]",5,mallet,0,acoustic
"77,518",flute_synthetic_000-079-100,82,flute_synthetic_000,79,100,"16,000","[ 0, 0, 1, 0, 0, 0, 0, 0, 0, 0 ]","[ ""distortion"" ]",2,flute,2,synthetic
"117,301",guitar_electronic_022-058-050,378,guitar_electronic_022,58,50,"16,000","[ 0, 1, 0, 0, 0, 0, 0, 0, 0, 0 ]","[ ""dark"" ]",3,guitar,1,electronic
"143,313",bass_electronic_018-026-025,759,bass_electronic_018,26,25,"16,000","[ 0, 0, 0, 0, 0, 0, 0, 0, 0, 0 ]",[],0,bass,1,electronic
"170,063",organ_electronic_007-057-127,123,organ_electronic_007,57,127,"16,000","[ 0, 0, 1, 0, 1, 0, 1, 0, 0, 0 ]","[ ""distortion"", ""long_release"", ""nonlinear_env"" ]",6,organ,1,electronic
"286,947",keyboard_electronic_069-033-050,805,keyboard_electronic_069,33,50,"16,000","[ 0, 0, 1, 0, 0, 0, 0, 0, 0, 0 ]","[ ""distortion"" ]",4,keyboard,1,electronic
"69,440",guitar_acoustic_015-027-025,316,guitar_acoustic_015,27,25,"16,000","[ 0, 0, 0, 0, 1, 0, 0, 0, 1, 0 ]","[ ""long_release"", ""reverb"" ]",3,guitar,0,acoustic
"36,434",brass_acoustic_046-085-127,414,brass_acoustic_046,85,127,"16,000","[ 0, 0, 0, 0, 1, 0, 0, 0, 0, 0 ]","[ ""long_release"" ]",1,brass,0,acoustic
"49,953",string_acoustic_014-040-050,100,string_acoustic_014,40,50,"16,000","[ 0, 1, 0, 0, 0, 0, 0, 0, 1, 0 ]","[ ""dark"", ""reverb"" ]",8,string,0,acoustic
"28,018",reed_acoustic_023-055-050,224,reed_acoustic_023,55,50,"16,000","[ 1, 0, 0, 1, 0, 1, 1, 0, 0, 0 ]","[ ""bright"", ""fast_decay"", ""multiphonic"", ""nonlinear_env"" ]",7,reed,0,acoustic
"217,499",bass_synthetic_068-049-025,656,bass_synthetic_068,49,25,"16,000","[ 0, 1, 0, 0, 0, 0, 0, 0, 0, 0 ]","[ ""dark"" ]",0,bass,2,synthetic
"68,992",guitar_electronic_028-059-025,510,guitar_electronic_028,59,25,"16,000","[ 0, 1, 0, 0, 0, 0, 0, 0, 0, 0 ]","[ ""dark"" ]",3,guitar,1,electronic
"54,844",string_acoustic_056-043-025,436,string_acoustic_056,43,25,"16,000","[ 0, 0, 0, 1, 0, 0, 0, 0, 1, 0 ]","[ ""fast_decay"", ""reverb"" ]",8,string,0,acoustic
"93,753",brass_acoustic_015-059-127,121,brass_acoustic_015,59,127,"16,000","[ 0, 0, 0, 0, 0, 0, 0, 0, 1, 0 ]","[ ""reverb"" ]",1,brass,0,acoustic
"208,691",keyboard_electronic_098-073-100,905,keyboard_electronic_098,73,100,"16,000","[ 0, 0, 0, 0, 0, 0, 0, 0, 0, 0 ]",[],4,keyboard,1,electronic
"69,121",organ_electronic_007-080-075,123,organ_electronic_007,80,75,"16,000","[ 1, 0, 1, 0, 1, 0, 1, 0, 0, 0 ]","[ ""bright"", ""distortion"", ""long_release"", ""nonlinear_env"" ]",6,organ,1,electronic
"278,832",bass_electronic_025-023-100,872,bass_electronic_025,23,100,"16,000","[ 0, 0, 0, 0, 0, 0, 0, 0, 0, 0 ]",[],0,bass,1,electronic
"54,961",string_acoustic_056-053-025,436,string_acoustic_056,53,25,"16,000","[ 0, 0, 0, 1, 0, 0, 0, 1, 1, 0 ]","[ ""fast_decay"", ""percussive"", ""reverb"" ]",8,string,0,acoustic
"83,531",keyboard_electronic_078-079-050,838,keyboard_electronic_078,79,50,"16,000","[ 1, 0, 0, 0, 0, 0, 0, 0, 0, 0 ]","[ ""bright"" ]",4,keyboard,1,electronic
"27,624",reed_acoustic_018-066-075,183,reed_acoustic_018,66,75,"16,000","[ 0, 0, 0, 0, 0, 0, 0, 0, 0, 0 ]",[],7,reed,0,acoustic
"61,593",keyboard_electronic_078-088-100,838,keyboard_electronic_078,88,100,"16,000","[ 0, 0, 0, 1, 0, 0, 0, 0, 0, 0 ]","[ ""fast_decay"" ]",4,keyboard,1,electronic
"275,508",organ_electronic_113-047-025,958,organ_electronic_113,47,25,"16,000","[ 0, 1, 0, 0, 0, 0, 0, 0, 0, 0 ]","[ ""dark"" ]",6,organ,1,electronic
"209,113",bass_synthetic_134-052-050,914,bass_synthetic_134,52,50,"16,000","[ 0, 1, 0, 0, 0, 0, 0, 0, 1, 0 ]","[ ""dark"", ""reverb"" ]",0,bass,2,synthetic
"220,435",organ_electronic_113-072-127,958,organ_electronic_113,72,127,"16,000","[ 0, 0, 0, 0, 0, 0, 0, 0, 0, 0 ]",[],6,organ,1,electronic
"294,203",organ_electronic_007-016-100,123,organ_electronic_007,16,100,"16,000","[ 0, 0, 1, 0, 1, 0, 1, 0, 0, 0 ]","[ ""distortion"", ""long_release"", ""nonlinear_env"" ]",6,organ,1,electronic
"221,293",bass_synthetic_134-042-050,914,bass_synthetic_134,42,50,"16,000","[ 0, 1, 0, 0, 0, 0, 0, 0, 1, 0 ]","[ ""dark"", ""reverb"" ]",0,bass,2,synthetic
"109,088",string_acoustic_012-049-025,97,string_acoustic_012,49,25,"16,000","[ 0, 0, 0, 0, 1, 0, 0, 0, 1, 0 ]","[ ""long_release"", ""reverb"" ]",8,string,0,acoustic
"143,971",guitar_acoustic_010-089-100,219,guitar_acoustic_010,89,100,"16,000","[ 0, 0, 0, 0, 0, 0, 0, 0, 0, 0 ]",[],3,guitar,0,acoustic
"83,528",organ_electronic_007-072-025,123,organ_electronic_007,72,25,"16,000","[ 0, 0, 1, 0, 1, 0, 1, 0, 0, 0 ]","[ ""distortion"", ""long_release"", ""nonlinear_env"" ]",6,organ,1,electronic
"199,107",keyboard_electronic_069-054-075,805,keyboard_electronic_069,54,75,"16,000","[ 0, 0, 1, 0, 0, 0, 0, 0, 0, 0 ]","[ ""distortion"" ]",4,keyboard,1,electronic
"191,071",organ_electronic_028-023-050,440,organ_electronic_028,23,50,"16,000","[ 0, 1, 0, 0, 0, 0, 0, 0, 0, 0 ]","[ ""dark"" ]",6,organ,1,electronic
"111,633",bass_synthetic_033-095-100,417,bass_synthetic_033,95,100,"16,000","[ 0, 0, 0, 0, 0, 0, 0, 0, 0, 0 ]",[],0,bass,2,synthetic
"223,162",bass_electronic_025-062-127,872,bass_electronic_025,62,127,"16,000","[ 0, 0, 0, 1, 0, 0, 0, 0, 0, 0 ]","[ ""fast_decay"" ]",0,bass,1,electronic
"143,992",flute_synthetic_000-081-127,82,flute_synthetic_000,81,127,"16,000","[ 0, 0, 1, 0, 0, 0, 0, 0, 0, 0 ]","[ ""distortion"" ]",2,flute,2,synthetic
"113,490",string_acoustic_080-036-100,675,string_acoustic_080,36,100,"16,000","[ 0, 0, 0, 0, 1, 0, 0, 0, 1, 0 ]","[ ""long_release"", ""reverb"" ]",8,string,0,acoustic
"251,412",bass_synthetic_033-085-100,417,bass_synthetic_033,85,100,"16,000","[ 0, 0, 0, 0, 0, 0, 0, 0, 0, 0 ]",[],0,bass,2,synthetic
"161,222",guitar_acoustic_010-068-050,219,guitar_acoustic_010,68,50,"16,000","[ 0, 0, 0, 0, 0, 0, 0, 0, 0, 0 ]",[],3,guitar,0,acoustic
"24,989",vocal_synthetic_003-070-127,37,vocal_synthetic_003,70,127,"16,000","[ 1, 0, 1, 0, 1, 0, 1, 0, 0, 0 ]","[ ""bright"", ""distortion"", ""long_release"", ""nonlinear_env"" ]",10,vocal,2,synthetic
"256,137",keyboard_electronic_098-040-127,905,keyboard_electronic_098,40,127,"16,000","[ 0, 1, 1, 0, 0, 0, 0, 0, 0, 0 ]","[ ""dark"", ""distortion"" ]",4,keyboard,1,electronic
"80,625",brass_acoustic_016-058-025,128,brass_acoustic_016,58,25,"16,000","[ 1, 0, 0, 0, 0, 0, 0, 0, 0, 0 ]","[ ""bright"" ]",1,brass,0,acoustic
"26,252",guitar_acoustic_015-108-127,316,guitar_acoustic_015,108,127,"16,000","[ 0, 0, 0, 0, 0, 0, 0, 1, 1, 0 ]","[ ""percussive"", ""reverb"" ]",3,guitar,0,acoustic
"1,322",vocal_synthetic_003-108-127,37,vocal_synthetic_003,108,127,"16,000","[ 1, 0, 1, 0, 1, 0, 1, 0, 0, 0 ]","[ ""bright"", ""distortion"", ""long_release"", ""nonlinear_env"" ]",10,vocal,2,synthetic
"142,628",reed_acoustic_037-056-100,387,reed_acoustic_037,56,100,"16,000","[ 0, 0, 0, 0, 0, 0, 0, 0, 1, 0 ]","[ ""reverb"" ]",7,reed,0,acoustic
"220,349",guitar_electronic_022-033-127,378,guitar_electronic_022,33,127,"16,000","[ 0, 1, 0, 0, 0, 0, 0, 0, 0, 0 ]","[ ""dark"" ]",3,guitar,1,electronic
"145,246",bass_synthetic_033-093-025,417,bass_synthetic_033,93,25,"16,000","[ 0, 0, 0, 0, 0, 0, 0, 0, 0, 0 ]",[],0,bass,2,synthetic
"49,775",bass_synthetic_098-095-025,803,bass_synthetic_098,95,25,"16,000","[ 0, 0, 0, 0, 0, 0, 0, 0, 0, 0 ]",[],0,bass,2,synthetic
"305,832",keyboard_electronic_098-087-075,905,keyboard_electronic_098,87,75,"16,000","[ 0, 0, 0, 1, 0, 0, 0, 0, 0, 0 ]","[ ""fast_decay"" ]",4,keyboard,1,electronic
"71,140",reed_acoustic_023-097-127,224,reed_acoustic_023,97,127,"16,000","[ 0, 0, 0, 1, 0, 1, 1, 1, 0, 0 ]","[ ""fast_decay"", ""multiphonic"", ""nonlinear_env"", ""percussive"" ]",7,reed,0,acoustic
"163,908",keyboard_electronic_002-106-100,50,keyboard_electronic_002,106,100,"16,000","[ 1, 0, 0, 1, 0, 0, 0, 1, 0, 0 ]","[ ""bright"", ""fast_decay"", ""percussive"" ]",4,keyboard,1,electronic
"131,147",flute_synthetic_000-034-075,82,flute_synthetic_000,34,75,"16,000","[ 0, 0, 1, 0, 0, 0, 0, 0, 0, 0 ]","[ ""distortion"" ]",2,flute,2,synthetic
"290,386",keyboard_electronic_098-097-075,905,keyboard_electronic_098,97,75,"16,000","[ 0, 0, 0, 1, 0, 0, 0, 1, 0, 0 ]","[ ""fast_decay"", ""percussive"" ]",4,keyboard,1,electronic
"140,272",reed_acoustic_037-032-025,387,reed_acoustic_037,32,25,"16,000","[ 0, 0, 0, 0, 0, 0, 0, 0, 1, 0 ]","[ ""reverb"" ]",7,reed,0,acoustic
"3,238",reed_acoustic_018-063-050,183,reed_acoustic_018,63,50,"16,000","[ 0, 0, 0, 0, 0, 0, 0, 0, 0, 0 ]",[],7,reed,0,acoustic
"246,947",organ_electronic_104-076-050,921,organ_electronic_104,76,50,"16,000","[ 0, 0, 0, 0, 0, 0, 0, 0, 0, 0 ]",[],6,organ,1,electronic
"263,235",organ_electronic_007-064-100,123,organ_electronic_007,64,100,"16,000","[ 0, 0, 1, 0, 1, 0, 1, 0, 0, 0 ]","[ ""distortion"", ""long_release"", ""nonlinear_env"" ]",6,organ,1,electronic
"145,332",mallet_acoustic_056-049-127,590,mallet_acoustic_056,49,127,"16,000","[ 1, 0, 0, 1, 0, 0, 0, 1, 0, 0 ]","[ ""bright"", ""fast_decay"", ""percussive"" ]",5,mallet,0,acoustic
"19,918",keyboard_acoustic_004-027-050,327,keyboard_acoustic_004,27,50,"16,000","[ 0, 1, 0, 0, 0, 0, 0, 0, 1, 0 ]","[ ""dark"", ""reverb"" ]",4,keyboard,0,acoustic
"143,536",bass_synthetic_134-057-075,914,bass_synthetic_134,57,75,"16,000","[ 0, 1, 0, 0, 0, 0, 0, 0, 1, 0 ]","[ ""dark"", ""reverb"" ]",0,bass,2,synthetic
"70,185",brass_acoustic_059-055-127,572,brass_acoustic_059,55,127,"16,000","[ 0, 0, 0, 0, 0, 0, 0, 0, 1, 0 ]","[ ""reverb"" ]",1,brass,0,acoustic
"290,451",keyboard_electronic_001-069-127,40,keyboard_electronic_001,69,127,"16,000","[ 0, 0, 0, 0, 0, 0, 0, 0, 0, 0 ]",[],4,keyboard,1,electronic
"130,490",flute_synthetic_000-043-050,82,flute_synthetic_000,43,50,"16,000","[ 0, 0, 1, 0, 0, 0, 0, 0, 0, 0 ]","[ ""distortion"" ]",2,flute,2,synthetic
"206,398",guitar_electronic_022-083-050,378,guitar_electronic_022,83,50,"16,000","[ 0, 0, 0, 0, 0, 0, 0, 0, 0, 0 ]",[],3,guitar,1,electronic
"302,178",organ_electronic_113-025-025,958,organ_electronic_113,25,25,"16,000","[ 0, 1, 0, 0, 0, 0, 0, 0, 0, 0 ]","[ ""dark"" ]",6,organ,1,electronic
"5,757",organ_electronic_057-078-075,701,organ_electronic_057,78,75,"16,000","[ 0, 0, 0, 0, 0, 0, 0, 0, 0, 0 ]",[],6,organ,1,electronic
"100,466",guitar_acoustic_021-082-100,457,guitar_acoustic_021,82,100,"16,000","[ 0, 0, 0, 1, 0, 0, 0, 1, 0, 0 ]","[ ""fast_decay"", ""percussive"" ]",3,guitar,0,acoustic
"219,183",bass_electronic_025-025-025,872,bass_electronic_025,25,25,"16,000","[ 0, 0, 0, 0, 0, 0, 0, 0, 0, 0 ]",[],0,bass,1,electronic
"47,460",vocal_synthetic_003-045-025,37,vocal_synthetic_003,45,25,"16,000","[ 0, 0, 1, 0, 1, 0, 1, 0, 0, 0 ]","[ ""distortion"", ""long_release"", ""nonlinear_env"" ]",10,vocal,2,synthetic
"186,255",bass_synthetic_134-080-127,914,bass_synthetic_134,80,127,"16,000","[ 0, 0, 0, 1, 0, 0, 0, 1, 1, 0 ]","[ ""fast_decay"", ""percussive"", ""reverb"" ]",0,bass,2,synthetic
"57,404",string_acoustic_056-055-100,436,string_acoustic_056,55,100,"16,000","[ 0, 0, 0, 1, 0, 0, 0, 1, 1, 0 ]","[ ""fast_decay"", ""percussive"", ""reverb"" ]",8,string,0,acoustic
"58,713",flute_acoustic_002-093-100,86,flute_acoustic_002,93,100,"16,000","[ 0, 0, 0, 0, 0, 0, 0, 0, 1, 0 ]","[ ""reverb"" ]",2,flute,0,acoustic
"121,701",guitar_acoustic_015-098-100,316,guitar_acoustic_015,98,100,"16,000","[ 0, 0, 0, 1, 0, 0, 0, 1, 1, 0 ]","[ ""fast_decay"", ""percussive"", ""reverb"" ]",3,guitar,0,acoustic
"193,637",bass_synthetic_009-093-075,150,bass_synthetic_009,93,75,"16,000","[ 0, 0, 0, 0, 1, 0, 0, 0, 0, 0 ]","[ ""long_release"" ]",0,bass,2,synthetic
"214,496",bass_synthetic_135-067-100,927,bass_synthetic_135,67,100,"16,000","[ 0, 0, 1, 0, 0, 0, 0, 0, 0, 0 ]","[ ""distortion"" ]",0,bass,2,synthetic
"153,341",guitar_acoustic_030-061-100,642,guitar_acoustic_030,61,100,"16,000","[ 0, 0, 0, 0, 1, 0, 0, 0, 0, 1 ]","[ ""long_release"", ""tempo-synced"" ]",3,guitar,0,acoustic
"37,014",keyboard_electronic_078-043-100,838,keyboard_electronic_078,43,100,"16,000","[ 1, 0, 0, 0, 0, 0, 0, 0, 0, 0 ]","[ ""bright"" ]",4,keyboard,1,electronic
"158,531",keyboard_electronic_003-039-050,65,keyboard_electronic_003,39,50,"16,000","[ 0, 1, 0, 0, 0, 0, 0, 0, 0, 0 ]","[ ""dark"" ]",4,keyboard,1,electronic
"59,479",organ_electronic_028-058-127,440,organ_electronic_028,58,127,"16,000","[ 0, 1, 0, 0, 0, 0, 0, 0, 0, 0 ]","[ ""dark"" ]",6,organ,1,electronic
"115,663",flute_acoustic_002-083-100,86,flute_acoustic_002,83,100,"16,000","[ 0, 0, 0, 0, 0, 0, 0, 0, 1, 0 ]","[ ""reverb"" ]",2,flute,0,acoustic
"99,536",guitar_electronic_028-092-025,510,guitar_electronic_028,92,25,"16,000","[ 0, 0, 0, 0, 0, 0, 0, 0, 0, 0 ]",[],3,guitar,1,electronic
"13,634",vocal_synthetic_003-079-050,37,vocal_synthetic_003,79,50,"16,000","[ 1, 0, 1, 0, 1, 0, 1, 0, 0, 0 ]","[ ""bright"", ""distortion"", ""long_release"", ""nonlinear_env"" ]",10,vocal,2,synthetic
"29,965",string_acoustic_057-075-075,450,string_acoustic_057,75,75,"16,000","[ 1, 0, 0, 0, 0, 0, 1, 0, 1, 0 ]","[ ""bright"", ""nonlinear_env"", ""reverb"" ]",8,string,0,acoustic
"168,664",mallet_acoustic_062-066-025,644,mallet_acoustic_062,66,25,"16,000","[ 0, 1, 0, 1, 0, 1, 0, 0, 0, 0 ]","[ ""dark"", ""fast_decay"", ""multiphonic"" ]",5,mallet,0,acoustic
"247,627",bass_synthetic_009-044-127,150,bass_synthetic_009,44,127,"16,000","[ 1, 0, 1, 0, 1, 0, 0, 0, 0, 0 ]","[ ""bright"", ""distortion"", ""long_release"" ]",0,bass,2,synthetic
"74,987",reed_acoustic_037-069-075,387,reed_acoustic_037,69,75,"16,000","[ 0, 0, 0, 0, 0, 0, 0, 0, 1, 0 ]","[ ""reverb"" ]",7,reed,0,acoustic
"18,377",brass_acoustic_015-045-075,121,brass_acoustic_015,45,75,"16,000","[ 0, 0, 0, 0, 0, 0, 0, 0, 1, 0 ]","[ ""reverb"" ]",1,brass,0,acoustic
"280,403",bass_electronic_027-037-075,880,bass_electronic_027,37,75,"16,000","[ 0, 0, 0, 0, 0, 0, 0, 0, 0, 0 ]",[],0,bass,1,electronic
"1,225",guitar_acoustic_010-052-100,219,guitar_acoustic_010,52,100,"16,000","[ 0, 0, 0, 0, 0, 0, 0, 0, 0, 0 ]",[],3,guitar,0,acoustic
"7,004",vocal_acoustic_000-059-100,46,vocal_acoustic_000,59,100,"16,000","[ 0, 0, 0, 0, 0, 0, 0, 0, 1, 0 ]","[ ""reverb"" ]",10,vocal,0,acoustic
"91,182",string_acoustic_071-028-025,609,string_acoustic_071,28,25,"16,000","[ 0, 0, 0, 0, 1, 0, 0, 0, 1, 0 ]","[ ""long_release"", ""reverb"" ]",8,string,0,acoustic
"164,296",guitar_acoustic_010-042-100,219,guitar_acoustic_010,42,100,"16,000","[ 0, 0, 0, 0, 0, 0, 0, 0, 0, 0 ]",[],3,guitar,0,acoustic
"246,515",keyboard_electronic_001-108-050,40,keyboard_electronic_001,108,50,"16,000","[ 0, 0, 0, 0, 1, 0, 0, 0, 0, 0 ]","[ ""long_release"" ]",4,keyboard,1,electronic
"86,781",guitar_electronic_028-060-075,510,guitar_electronic_028,60,75,"16,000","[ 0, 1, 0, 0, 0, 0, 0, 0, 0, 0 ]","[ ""dark"" ]",3,guitar,1,electronic
"185,484",bass_synthetic_134-100-100,914,bass_synthetic_134,100,100,"16,000","[ 0, 0, 0, 1, 0, 0, 0, 1, 1, 0 ]","[ ""fast_decay"", ""percussive"", ""reverb"" ]",0,bass,2,synthetic
"208,878",keyboard_electronic_002-036-050,50,keyboard_electronic_002,36,50,"16,000","[ 0, 0, 1, 0, 0, 0, 0, 0, 0, 0 ]","[ ""distortion"" ]",4,keyboard,1,electronic
"296,358",organ_electronic_057-047-100,701,organ_electronic_057,47,100,"16,000","[ 0, 1, 0, 0, 0, 0, 0, 0, 0, 0 ]","[ ""dark"" ]",6,organ,1,electronic
"162,281",guitar_acoustic_014-066-050,263,guitar_acoustic_014,66,50,"16,000","[ 0, 0, 0, 0, 0, 0, 0, 0, 0, 0 ]",[],3,guitar,0,acoustic
"202,193",keyboard_electronic_069-031-025,805,keyboard_electronic_069,31,25,"16,000","[ 0, 0, 1, 0, 0, 0, 0, 0, 0, 0 ]","[ ""distortion"" ]",4,keyboard,1,electronic
"68,345",flute_synthetic_000-057-100,82,flute_synthetic_000,57,100,"16,000","[ 0, 0, 1, 0, 0, 0, 0, 0, 0, 0 ]","[ ""distortion"" ]",2,flute,2,synthetic
"180,631",keyboard_electronic_003-065-050,65,keyboard_electronic_003,65,50,"16,000","[ 0, 0, 0, 0, 0, 0, 0, 0, 0, 0 ]",[],4,keyboard,1,electronic
"218,107",bass_synthetic_098-055-127,803,bass_synthetic_098,55,127,"16,000","[ 0, 0, 1, 0, 0, 0, 0, 0, 0, 0 ]","[ ""distortion"" ]",0,bass,2,synthetic
"298,859",keyboard_electronic_098-080-025,905,keyboard_electronic_098,80,25,"16,000","[ 0, 0, 0, 1, 0, 0, 0, 0, 0, 0 ]","[ ""fast_decay"" ]",4,keyboard,1,electronic
"122,184",string_acoustic_014-036-100,100,string_acoustic_014,36,100,"16,000","[ 0, 1, 0, 0, 0, 0, 0, 0, 1, 0 ]","[ ""dark"", ""reverb"" ]",8,string,0,acoustic
"112,413",guitar_acoustic_021-077-100,457,guitar_acoustic_021,77,100,"16,000","[ 0, 0, 0, 1, 0, 0, 0, 0, 0, 0 ]","[ ""fast_decay"" ]",3,guitar,0,acoustic
"145,835",guitar_acoustic_030-049-025,642,guitar_acoustic_030,49,25,"16,000","[ 0, 0, 0, 0, 0, 0, 0, 0, 0, 1 ]","[ ""tempo-synced"" ]",3,guitar,0,acoustic
"218,244",bass_synthetic_098-082-075,803,bass_synthetic_098,82,75,"16,000","[ 0, 0, 0, 0, 0, 0, 0, 0, 0, 0 ]",[],0,bass,2,synthetic
"290,070",organ_electronic_113-045-050,958,organ_electronic_113,45,50,"16,000","[ 0, 1, 0, 0, 0, 0, 0, 0, 0, 0 ]","[ ""dark"" ]",6,organ,1,electronic
"283,389",bass_synthetic_134-065-127,914,bass_synthetic_134,65,127,"16,000","[ 0, 1, 0, 1, 0, 0, 0, 0, 1, 0 ]","[ ""dark"", ""fast_decay"", ""reverb"" ]",0,bass,2,synthetic
"176,861",keyboard_electronic_098-090-025,905,keyboard_electronic_098,90,25,"16,000","[ 0, 0, 0, 1, 0, 0, 0, 1, 0, 0 ]","[ ""fast_decay"", ""percussive"" ]",4,keyboard,1,electronic
"134,156",organ_electronic_104-033-127,921,organ_electronic_104,33,127,"16,000","[ 0, 0, 0, 0, 0, 0, 0, 0, 0, 0 ]",[],6,organ,1,electronic
"6,089",string_acoustic_071-051-127,609,string_acoustic_071,51,127,"16,000","[ 0, 0, 0, 0, 0, 0, 0, 0, 1, 0 ]","[ ""reverb"" ]",8,string,0,acoustic
"134,318",reed_acoustic_037-042-050,387,reed_acoustic_037,42,50,"16,000","[ 0, 0, 0, 0, 0, 0, 0, 0, 1, 0 ]","[ ""reverb"" ]",7,reed,0,acoustic
